<?xml version="1.0" encoding="UTF-8"?>
<metadata xml:lang="en"><Esri><CreaDate>20190607</CreaDate><CreaTime>01593300</CreaTime><ArcGISFormat>1.0</ArcGISFormat><SyncOnce>TRUE</SyncOnce><DataProperties><lineage><Process ToolSource="c:\program files (x86)\arcgis\desktop10.4\ArcToolbox\Toolboxes\Spatial Analyst Tools.tbx\StreamToFeature" Date="20190207" Time="211737">StreamToFeature stream fdr C:\Users\wateryhcho\Documents\YD\GIS\stream.shp SIMPLIFY</Process></lineage><itemProps><itemLocation><linkage Sync="TRUE">file://\\YOUNGHYUN_CHO\D$\New Frontier\stream</linkage><protocol Sync="TRUE">Local Area Network</protocol></itemLocation></itemProps><copyHistory><copy source="C:\Users\wateryhcho\Documents\YD\GIS\stream" dest="\\YOUNGHYUN_CHO\D$\New Frontier\stream" date="20190607" time="01593300"></copy></copyHistory></DataProperties></Esri></metadata>
