SOIL_ID,SNAM
1,GAGOG
2,GACHEON
3,GAPA
4,GAPO
5,GAGHWA
6,GALGOG
7,GALJEON
8,GAMGOG
9,GAMSAN
10,GAMCHEON
11,GANGDONG
12,GANGSEO
13,GANGJEONG
14,GANGJIN
15,GYEONGSAN
16,GORYEONG
17,GOSAN
18,GOCHEON
19,GOPYEONG
20,GOHEUNG
21,GONGDEOG
22,GONGSAN
23,GONGSEONG
24,GWARIM
25,GWACHEON
26,GWANAG
27,GWANGSAN
28,GWANJU
29,GWANGPO
30,GWANGHWAL
31,GOESAN
32,GYORAE
33,GUGOG
34,GUEOM
35,GUJWA
36,GUPO
37,GUNSAN
38,GUISAN
39,GYUAM
40,GEUGRAG
41,GEUNSAN
42,GEUMGOG
43,GEUMSEO
44,GEUMAG
45,GEUMJI
46,GEUMJIN
47,GEUMCHEON
48,GIMYEONG
49,GIMJE
50,GIMHAE
51,NARI
52,NASAN
53,NAGDONG
54,NAGSAN
55,NAGSEO
56,NAGCHEON
57,NAMGYE
58,NAMGOG
59,NAMSAN
60,NAMYANG
61,NAMWEON
62,NAMPYEONG
63,NORO
64,NOGSAN
65,NOGJEON
66,NONGO
67,NONSAN
68,NOEGOG
69,DAIN
70,DAPYEONG
71,DANBUG
72,DANSEONG
73,DALDONG
74,DALCHEON
75,DAEGOG
76,DAEGU
77,DAEBON
78,DAESAN
79,DAEWEON
80,DAEJEONG
81,DAEPYEONG
82,DAEHEUL
83,DAEHEUNG
84,DEOGGYE
85,DEOGGOG
86,DEOGSAN
87,DEOGCHEON
88,DEOGPYEONG
89,DEOGHA
90,DOGYE
91,DOGOG
92,DODONG
93,DOSAN
94,DOJEON
95,DOCHEON
96,DONGGUI
97,DONGSONG
98,DONGAM
99,DONGHO
100,DONGHONG
101,DEUNGGU
102,MAGOG
103,MARYEONG
104,MASAN
105,MAJI
106,MANGYEONG
107,MANSEONG
108,MANGSIL
109,MAEGOG
110,MAEBONG
111,MAESAN
112,MYEONGJI
113,MOSAN
114,MUDEUNG
115,MUREUNG
116,MUI
117,MUNGYEONG
118,MUNPO
119,MULGEUM
120,MISAN
121,MIAG
122,MIWEON
123,MITAN
124,MINAG
125,BANGOG
126,BANSAN
127,BANCHEON
128,BANHO
129,BANGGOG
130,BANGGI
131,BAEGGU
132,BAEGRYEONG
133,BAEGSAN
134,BAEGSU
135,BEOMPYEONG
136,BYEONGAG
137,BOGNAE
138,BOGCHEON
139,BONRYANG
140,BONGGYE
141,BONGGOG
142,BONGNAM
143,BONGRIM
144,BONGSAN
145,BUGOG
146,BUYEO
147,BUYONG
148,BUGPYEONG
149,BIGOG
150,BICHEON
151,SADONG
152,SADU
153,SARA
154,SACHON
155,SANGYE
156,SANBANG
157,SANCHEONG
158,SAMGAG
159,SAMAM
160,SANGJU
161,SEOTAN
162,SEOGGYE
163,SEOGCHEON
164,SEOGTO
165,SEONGSAN
166,SEONGIN
167,SONGDANG
168,SONGSAN
169,SONGAG
170,SONGJEONG
171,SUGYE
172,SUBUG
173,SUAM
174,SEUNGJU
175,SIRYE
176,SINGI
177,SINDAB
178,SINBUL
179,SINEOM
180,SINJEONG
181,SINPYEONG
182,SINHYEON
183,SINHEUNG
184,SIMCHEON
185,AGOG
186,ARA
187,ASAN
188,AGYANG
189,ANGYE
190,ANDEOG
191,ANRYONG
192,ANMI
193,ALBONG
194,ABGOG
195,AEWEOL
196,YANGGOG
197,YEOSU
198,YEONGOG
199,YEONDAE
200,YEONCHEON
201,YEOMPO
202,YEONGDONG
203,YEONGRAG
204,YEONGSAN
205,YEONGWEOL
206,YEONGIL
207,YEGOG
208,YESAN
209,YECHEON
210,ODAE
211,ORA
212,OSAN
213,OCHEON
214,OPYEONG
215,OGGYE
216,OGDONG
217,OGCHEON
218,ONPYEONG
219,WANSAN
220,WANGSAN
221,OESAN
222,YONGGANG
223,YONGGYE
224,YONGGOG
225,YONGDANG
226,YONGSU
227,YONGJI
228,YONGHO
229,YONGHEUNG
230,UGOG
231,UDO
232,UPYEONG
233,UNGOG
234,UNGYO
235,UNBONG
236,ULREUNG
237,ULSAN
238,WEONGOG
239,WEONJI
240,WEOLGOG
241,WEOLRYEONG
242,WEOLSAN
243,WEOLJEONG
244,WEOLPYEONG
245,WUIMI
246,YUGA
247,YUGYE
248,YUGOG
249,YUWEON
250,YUCHEON
251,YUHA
252,YULGOG
253,YULPO
254,EUNGOG
255,EUMSEONG
256,EUIGUI
257,EUISEONG
258,IDO
259,IMOG
260,ISAN
261,IWEON
262,ICHEON
263,IHYEON
264,IHO
265,INSEONG
266,INJE
267,ILPYEONG
268,IMGOG
269,IMDONG
270,IMSAN
271,IMJA
272,IBSEOG
273,JANGGYE
274,JANGSAN
275,JANGSEONG
276,JANGWEON
277,JANGYU
278,JANGCHEON
279,JANGPA
280,JANGHO
281,JEODONG
282,JEOGAG
283,JEONNAM
284,JEONBUG
285,JEOMGOG
286,JEONGDONG
287,JEONGBANG
288,JEONGEUB
289,JEONGJA
290,JEJU
291,JECHEON
292,JOCHEON
293,JONGGOG
294,JUGOG
295,JUCHEON
296,JUGGOG
297,JUGAM
298,JUNGDONG
299,JUNGMUN
300,JUNGEOM
301,JIGOG
302,JISAN
303,JINGOG
304,JINDO
305,JINMOG
306,JINCHEON
307,CHAHANG
308,CHANGGOG
309,CHANGPYEONG
310,CHEONGOG
311,CHEONBU
312,CHEONPYEONG
313,CHEOLWEON
314,CHEONGGYE
315,CHEONGGOG
316,CHEONGRYONG
317,CHEONGSAN
318,CHEONGSIM
319,CHEONGWEON
320,CHEONGPUNG
321,CHOGYE
322,CHOBONG
323,CHOJEONG
324,CHUGYE
325,CHUSAN
326,CHUNDO
327,CHUNCHEON
328,CHUNPO
329,CHILGOG
330,CHILWEON
331,TAESAN
332,TAEHWA
333,TOGYE
334,TOSAN
335,TOPYEONG
336,TONGCHEON
337,TEUGGOG
338,PAJU
339,PANGOG
340,PYEONGDAE
341,PYEONGAN
342,PYEONGJEON
343,PYEONGCHANG
344,PYEONGTAEG
345,PYEONGHAE
346,POGOG
347,PODU
348,PORI
349,POSEUNG
350,PYOSEON
351,PUNGCHEON
352,HAMO
353,HABIN
354,HASA
355,HAWEON
356,HAJEONG
357,HAGGOG
358,HAGSAN
359,HAGSEONG
360,HAGPO
361,HANGYEONG
362,HANRIM
363,HAMCHANG
364,HAMPYEONG
365,HAERI
366,HAEAN
367,HAECHEOG
368,HAENGGOG
369,HAENGSAN
370,HAENGWEON
371,HYANGMOG
372,HYANGHO
373,HOGYE
374,HONAM
375,HONGMUN
376,HONGCHEON
377,HWADONG
378,HWABONG
379,HWASAN
380,HWASU
381,HWASUN
382,HWANGRYONG
383,HOEGOG
384,HYOCHEON
385,HEUGSEOG
386,HEUGAG
387,HEUNGPYEONG
388,RO
389,RL
390,W
391,RC
392,RS
393,RCS
394,RB
395,TS
396,TAEAN
397,TF
398,BRS
399,MD
400,SH
401,LF
402,BRC
403,BRB
